{
  "hash": "3545511e",
  "browserHash": "a5684a72",
  "optimized": {
    "@angular/common": {
      "src": "../../../../../node_modules/@angular/common/fesm2022/common.mjs",
      "file": "@angular_common.js",
      "fileHash": "0fffccc6",
      "needsInterop": false
    },
    "@angular/core": {
      "src": "../../../../../node_modules/@angular/core/fesm2022/core.mjs",
      "file": "@angular_core.js",
      "fileHash": "ed51e9bf",
      "needsInterop": false
    },
    "@angular/platform-browser": {
      "src": "../../../../../node_modules/@angular/platform-browser/fesm2022/platform-browser.mjs",
      "file": "@angular_platform-browser.js",
      "fileHash": "1b3a41dd",
      "needsInterop": false
    },
    "@angular/router": {
      "src": "../../../../../node_modules/@angular/router/fesm2022/router.mjs",
      "file": "@angular_router.js",
      "fileHash": "70f675fb",
      "needsInterop": false
    }
  },
  "chunks": {
    "chunk-XALOXDSD": {
      "file": "chunk-XALOXDSD.js"
    },
    "chunk-PBZSFOVG": {
      "file": "chunk-PBZSFOVG.js"
    },
    "chunk-D5ULVR2M": {
      "file": "chunk-D5ULVR2M.js"
    }
  }
}