{
  "hash": "357fdedb",
  "browserHash": "35b262c9",
  "optimized": {
    "@angular/common": {
      "src": "../../../../../node_modules/@angular/common/fesm2022/common.mjs",
      "file": "@angular_common.js",
      "fileHash": "a87b9559",
      "needsInterop": false
    },
    "@angular/core": {
      "src": "../../../../../node_modules/@angular/core/fesm2022/core.mjs",
      "file": "@angular_core.js",
      "fileHash": "cab815f8",
      "needsInterop": false
    },
    "@angular/platform-browser": {
      "src": "../../../../../node_modules/@angular/platform-browser/fesm2022/platform-browser.mjs",
      "file": "@angular_platform-browser.js",
      "fileHash": "7e395955",
      "needsInterop": false
    },
    "@angular/router": {
      "src": "../../../../../node_modules/@angular/router/fesm2022/router.mjs",
      "file": "@angular_router.js",
      "fileHash": "3e99f06f",
      "needsInterop": false
    }
  },
  "chunks": {
    "chunk-3FHN6KOM": {
      "file": "chunk-3FHN6KOM.js"
    },
    "chunk-7W7TYCF7": {
      "file": "chunk-7W7TYCF7.js"
    },
    "chunk-7X2DQXYU": {
      "file": "chunk-7X2DQXYU.js"
    }
  }
}